{"__type__":"cc.AnimationClip","_name":"begin","_duration":0.48333333333333334,"speed":0.2,"curveData":{"props":{"x":[{"frame":0,"value":-621.617},{"frame":0.48333333333333334,"value":-201.653}]}}}